-- phpMyAdmin SQL Dump
-- version 5.1.1
-- https://www.phpmyadmin.net/
--
-- Host: 127.0.0.1
-- Generation Time: Jun 12, 2022 at 11:17 AM
-- Server version: 10.4.21-MariaDB
-- PHP Version: 7.4.25

SET SQL_MODE = "NO_AUTO_VALUE_ON_ZERO";
START TRANSACTION;
SET time_zone = "+00:00";


/*!40101 SET @OLD_CHARACTER_SET_CLIENT=@@CHARACTER_SET_CLIENT */;
/*!40101 SET @OLD_CHARACTER_SET_RESULTS=@@CHARACTER_SET_RESULTS */;
/*!40101 SET @OLD_COLLATION_CONNECTION=@@COLLATION_CONNECTION */;
/*!40101 SET NAMES utf8mb4 */;

--
-- Database: `customerservices`
--

-- --------------------------------------------------------

--
-- Table structure for table `branches`
--

CREATE TABLE `branches` (
  `branch_id` int(50) NOT NULL,
  `sectors_id` int(5) NOT NULL,
  `branch_name` varchar(50) NOT NULL
) ENGINE=InnoDB DEFAULT CHARSET=utf16;

--
-- Dumping data for table `branches`
--

INSERT INTO `branches` (`branch_id`, `sectors_id`, `branch_name`) VALUES
(1, 2, 'البلد'),
(2, 2, 'محرم بك'),
(4, 1, 'الرمل'),
(5, 1, 'سيدي بشر'),
(6, 1, 'المندرة'),
(7, 3, 'القباري'),
(8, 3, 'الساحل'),
(9, 3, 'العجمي'),
(10, 4, 'العامرية'),
(11, 1, 'ابوقير'),
(12, 4, 'برج العرب'),
(13, 2, 'النزهه'),
(14, 4, 'النوبارية'),
(15, 3, 'اكتوبر'),
(16, 4, 'مريوط');

-- --------------------------------------------------------

--
-- Table structure for table `contract_type`
--

CREATE TABLE `contract_type` (
  `contract_type_id` int(50) NOT NULL,
  `contract_type_name` varchar(50) NOT NULL
) ENGINE=InnoDB DEFAULT CHARSET=utf16;

--
-- Dumping data for table `contract_type`
--

INSERT INTO `contract_type` (`contract_type_id`, `contract_type_name`) VALUES
(1, 'مثبت'),
(2, 'عقد مميز'),
(3, 'عقد يومية'),
(4, 'سركي'),
(5, 'عمولة'),
(6, 'خدمة عامة');

-- --------------------------------------------------------

--
-- Table structure for table `department`
--

CREATE TABLE `department` (
  `department_id` int(50) NOT NULL,
  `department_name` varchar(50) NOT NULL
) ENGINE=InnoDB DEFAULT CHARSET=utf16;

--
-- Dumping data for table `department`
--

INSERT INTO `department` (`department_id`, `department_name`) VALUES
(1, 'منفذ'),
(2, 'متابعة'),
(3, 'تقييم و تطوير'),
(4, 'منافذ خارجية'),
(5, 'تعاقد منزلي'),
(6, 'اتصال مباشر'),
(7, 'سكرتارية مدير عام'),
(8, 'ادارة'),
(9, 'مراكز خدمة عملاء متنقلة');

-- --------------------------------------------------------

--
-- Table structure for table `employee`
--

CREATE TABLE `employee` (
  `employee_code` int(50) NOT NULL,
  `employee_name` varchar(100) NOT NULL,
  `branch_id` int(50) NOT NULL,
  `department_id` int(50) NOT NULL,
  `job_title_id` int(50) NOT NULL,
  `contract_type_id` int(50) NOT NULL,
  `employee_id` int(14) NOT NULL,
  `employee_certification` varchar(70) NOT NULL,
  `employee_phone1` int(11) NOT NULL,
  `employee_DOB` date NOT NULL,
  `employee_address` varchar(100) NOT NULL,
  `employee_status` varchar(20) NOT NULL,
  `employee_age` int(5) NOT NULL,
  `employee_email` varchar(100) NOT NULL,
  `employee_co_join` date NOT NULL,
  `employee_years_of_service` int(5) NOT NULL,
  `employee_number_of_courses` int(15) NOT NULL,
  `employee_grade` varchar(50) NOT NULL,
  `employee_cs_join` date NOT NULL,
  `employee_job_rank` varchar(30) NOT NULL,
  `employee_year_of_graduation` date NOT NULL,
  `employee_last_course_date` date NOT NULL
) ENGINE=InnoDB DEFAULT CHARSET=utf16;

--
-- Dumping data for table `employee`
--

INSERT INTO `employee` (`employee_code`, `employee_name`, `branch_id`, `department_id`, `job_title_id`, `contract_type_id`, `employee_id`, `employee_certification`, `employee_phone1`, `employee_DOB`, `employee_address`, `employee_status`, `employee_age`, `employee_email`, `employee_co_join`, `employee_years_of_service`, `employee_number_of_courses`, `employee_grade`, `employee_cs_join`, `employee_job_rank`, `employee_year_of_graduation`, `employee_last_course_date`) VALUES
(0, 'بسنت محمد احمد محمد ', 4, 2, 6, 4, 2147483647, 'دبلوم تجارى', 1285001263, '0000-00-00', '156ش وينحت', 'متزج', 25, 'bosyemad873@gmail.com', '0000-00-00', 2, 1, '', '0000-00-00', '', '0000-00-00', '0000-00-00'),
(1416, 'هناء ابراهيم يوسف', 1, 2, 6, 4, 2147483647, 'معهد فني صناعي', 1154024661, '0000-00-00', '2 شارع عرفان', 'ارمل', 37, '', '0000-00-00', 2, 0, 'جيد', '0000-00-00', '', '0000-00-00', '0000-00-00'),
(2650, 'نورهان حمدى عبد المتجلى جاد', 2, 1, 6, 6, 2147483647, 'ليسانس آداب', 1274640263, '0000-00-00', 'شارع العمدة قنال المحمودية 2 ', 'اعزب', 24, 'nourh0619@gmail.com', '0000-00-00', 0, 0, 'جيد', '0000-00-00', '', '0000-00-00', '0000-00-00'),
(2663, 'سلمي نبيل عصمت مرسي بكر', 2, 2, 6, 6, 2147483647, 'بكالوريوس تجارة قسم محاسبه', 1113936863, '0000-00-00', 'شارع البكري متفرع من عرفان 2 الاسكندريه', 'اعزب', 22, 'saloma37nabil@gmail.com', '0000-00-00', 0, 0, 'جيد مرتفع', '0000-00-00', '', '0000-00-00', '0000-00-00'),
(2676, 'خلود هشام فتحي ', 2, 1, 6, 6, 2147483647, 'اداب لغة عربية', 1278550618, '0000-00-00', '٥٢ ش بدر الجمال امبروزوا 2 ', 'اعزب', 23, 'kholoudheshamfathy33@gmail.com', '0000-00-00', 0, 0, 'تقدير جيد', '0000-00-00', '', '0000-00-00', '0000-00-00'),
(2692, 'ميرنا ايهاب جابر محمد', 2, 1, 6, 6, 2147483647, 'بكالوريوس تربية قسم رياضيات ', 1282364356, '0000-00-00', '٥ شارع الرصافه 2', 'اعزب', 24, 'mr20na15@gmail.com ', '0000-00-00', 0, 1, 'جيد ', '0000-00-00', '', '0000-00-00', '0000-00-00'),
(2829, 'اسراء خميس شعبان', 9, 2, 6, 6, 2147483647, 'ليسانس اداب قسم جغرافيا', 1552422465, '0000-00-00', 'العجمي خلف عجمي ستار', 'اعزب', 23, 'Esraa khamis', '0000-00-00', 0, 0, 'تقدير جيد', '0000-00-00', '', '0000-00-00', '0000-00-00'),
(2962, 'فتحيه فرج محمد فرج', 9, 2, 4, 1, 2147483647, 'دبلوم تجارة', 1211067603, '0000-00-00', '9 ابويوسف مساكن الحديد و الصلب', 'متزج', 59, 'fatbia3000@gmail.com', '0000-00-00', 39, 20, '', '0000-00-00', 'الدرجة الاولي ( كبير )', '0000-00-00', '0000-00-00'),
(3872, 'طارق عبد ااعاطى قطب حسن', 4, 2, 4, 1, 2147483647, 'دبلوم تجارة', 1124855975, '0000-00-00', '45شارع الكرامة من شارع عشرين', 'متزج', 48, '', '0000-00-00', 25, 5, '', '0000-00-00', 'الدرجة الاولي', '0000-00-00', '0000-00-00'),
(4413, 'نهاد اكرم فوزى', 4, 2, 6, 4, 2147483647, 'دبلوم تجارى', 1090090236, '0000-00-00', '53ابن الوليد فلمنج', 'متزج', 33, '', '0000-00-00', 5, 0, '', '0000-00-00', '', '0000-00-00', '0000-00-00'),
(4444, 'منى عيسى محمد محمد المصرى', 4, 2, 6, 4, 2147483647, 'دبلوم تجارى', 1278262664, '0000-00-00', '٦ش نور الاسلام من المواسير جانوتى', 'متزج', 40, '', '0000-00-00', 2, 1, '', '0000-00-00', '', '0000-00-00', '0000-00-00'),
(4472, 'بسنت محمد احمد محمد', 4, 2, 6, 4, 2147483647, 'دبلوم تجارى', 1285001263, '0000-00-00', '156 ش وينجت', 'متزج', 25, 'bosyemad873@gmail.com', '0000-00-00', 2, 1, '', '0000-00-00', '', '0000-00-00', '0000-00-00'),
(4477, 'نهاد اكرم فوزى عوض', 4, 2, 6, 4, 2147483647, 'دبلوم تجارى', 1090090236, '0000-00-00', '35ابن الوليد فلمنج', 'متزج', 33, '', '0000-00-00', 0, 0, '', '0000-00-00', '', '0000-00-00', '0000-00-00'),
(4494, 'على مجدى كرم', 4, 2, 6, 4, 2147483647, 'ثانوية', 1210311497, '0000-00-00', 'عبد القادر بحرى السكة الحديد اول 10 ', 'متزج', 29, 'alilovecv7@gmail.com ', '0000-00-00', 3, 0, '', '0000-00-00', '', '0000-00-00', '0000-00-00'),
(4834, 'حنان مرسى محمد غريب', 4, 2, 6, 1, 2147483647, 'بكالوريوس خدمه اجتماعيه2003', 1285083404, '0000-00-00', 'شارع اديب معقد خلف مطافى 5 اول المنتزه', 'متزج', 39, 'لا يوجد', '0000-00-00', 16, 9, 'جيد جدا', '0000-00-00', 'الدرجة الاولي', '0000-00-00', '0000-00-00'),
(4866, 'احمد انور محمد عبيد', 13, 1, 4, 1, 2147483647, 'لسانس حقوق', 1202996807, '0000-00-00', 'العصافره..', 'متزج', 45, '', '0000-00-00', 16, 4, '', '0000-00-00', 'الدرجة الثانية', '0000-00-00', '0000-00-00'),
(4880, 'كرمه سعيد قاسم زيتون', 13, 2, 4, 1, 2147483647, 'بكالوريوس تجارة قسم محاسبه  جامعه الاسكندريه', 1274724998, '0000-00-00', '٩٩ش دارا سيدي جابر الشيخ اسكندريه', 'متزج', 44, 'Koki-eslam78@yahoo.com ', '0000-00-00', 17, 15, ' مقبول', '0000-00-00', 'الدرجة الاولي', '0000-00-00', '0000-00-00'),
(4977, 'مدحت محمد حمادة محمود', 6, 2, 6, 1, 2147483647, 'دبلوم متوسط', 1004594343, '0000-00-00', '4', 'متزج', 45, '', '0000-00-00', 17, 0, 'جيد ', '0000-00-00', 'الدرجة الثانية', '0000-00-00', '0000-00-00'),
(5007, 'احمد محمد ابراهيم الزغبى', 12, 1, 4, 1, 2147483647, 'دبلوم تحارة', 1004411603, '0000-00-00', 'محافظة مطروح مدينة الحمام شارع ابو بكر الصديق', 'متزج', 43, '', '0000-00-00', 17, 0, '', '0000-00-00', 'الدرجة الثانية', '0000-00-00', '0000-00-00'),
(5012, 'صبحى أحمد محمد أحمد ', 4, 2, 6, 1, 2147483647, 'دبلوم تجارة ', 1288683556, '0000-00-00', 'سيدى غازى مركز كفر الدوار  البحيرة', 'متزج', 46, 'لا يوجد', '0000-00-00', 17, 3, '', '0000-00-00', 'الدرجة الثانية', '0000-00-00', '0000-00-00'),
(5071, 'فاطمة محمد ابراهيم ممتاز عارف', 4, 1, 6, 2, 2147483647, 'ليسانس اداب وتربية', 1101670819, '0000-00-00', '46ش المرسلين الامريكان جناكليس', 'اعزب', 23, 'fatmahassan2021992@gmail.com', '0000-00-00', 1, 0, 'جيد جدا مع مرتبة الشرف', '0000-00-00', 'الدرجة الثالثة', '0000-00-00', '0000-00-00'),
(5098, 'مروان محمود حافظ يوسف ', 9, 1, 6, 2, 2147483647, 'بكالريوس خدمة إجتماعية ', 1061350169, '0000-00-00', 'الهانوفيل شارع السلام. ', 'اعزب', 31, 'merozone17@gmail.com', '0000-00-00', 2, 4, 'مقبول ', '0000-00-00', 'الدرجة الثالثة', '0000-00-00', '0000-00-00'),
(5100, 'ميرنا حسني محمود عبدالحميد حبيب ', 4, 2, 6, 2, 2147483647, 'ليسانس اداب قسم مكتبات ومعلومات', 1225816217, '0000-00-00', 'شارع اسحاق ادم عمارة الصحابة امام 20 شدس', 'اعزب', 26, 'mernahosni95@gmail.com ', '0000-00-00', 2, 3, 'جيد/سنة ', '0000-00-00', 'الدرجة الثالثة', '0000-00-00', '0000-00-00'),
(5107, 'احمد جمال عطيه', 15, 1, 6, 2, 2147483647, 'بكالوريوس ادارة اعمال ونطم المعلومات', 1203312662, '0000-00-00', '9 الاسكندرية', 'متزج', 31, 'Vipaaa8@gmail.com', '0000-00-00', 6, 4, ' جيد جدا', '0000-00-00', 'الدرجة الثالثة', '0000-00-00', '0000-00-00'),
(5114, 'بسمه محمد مجدى مخمود', 6, 1, 6, 2, 2147483647, 'بكارليوس خدمه اجتماعيه ', 1016847400, '0000-00-00', 'الراس السوده ش المدارس ميدان توريل ', 'متزج', 30, 'BasmaAl7lwany.', '0000-00-00', 2, 4, 'جيدا جدا', '0000-00-00', 'الدرجة الثالثة', '0000-00-00', '0000-00-00'),
(5116, 'هناء احمد عبد القادر سعد ', 6, 2, 6, 2, 2147483647, 'ليسانس تربية ', 1001010894, '0000-00-00', '6 ش المهداوى', 'متزج', 35, 'hanaasharfeldeen123@gmail.com', '0000-00-00', 2, 2, 'جيد ٢٠٠٧', '0000-00-00', 'الدرجة الثالثة', '0000-00-00', '0000-00-00'),
(5126, 'علا عبد الجيد عبد الجواد عبد الجيد', 12, 1, 6, 2, 2147483647, 'ليسانس اداب', 1017411515, '0000-00-00', 'مدينة 12 الجديدة مساكن 1200', 'اعزب', 30, 'Ola.hassan266@gmail.com', '0000-00-00', 2, 2, 'جيد', '0000-00-00', 'الدرجة الثالثة', '0000-00-00', '0000-00-00'),
(5136, 'محمد احمد عمر داخلي ', 10, 1, 6, 2, 2147483647, 'بكالوريوس تجاره ', 1066779074, '0000-00-00', 'التحرير الشمالي -مساكن محطه 16 1', 'متزج', 28, 'ammar.walker94@gmail.com', '0000-00-00', 2, 2, 'جيد ', '0000-00-00', 'الدرجة الثالثة', '0000-00-00', '0000-00-00'),
(5144, 'وليد على ابراهيم محمد ', 6, 1, 6, 2, 2147483647, 'بكالوريوس تجاره', 1067103675, '0000-00-00', 'طوسون شارع 25', 'متزج', 37, 'ellol20202100@gmail.com ', '0000-00-00', 2, 3, ' جيد', '0000-00-00', 'الدرجة الثالثة', '0000-00-00', '0000-00-00'),
(5152, 'ايمن عبد اللاه علي', 10, 1, 6, 2, 2147483647, 'ليسانس حقوق', 1002187276, '0000-00-00', 'مساكن شركه مياه الشرب 16 ', 'اعزب', 41, '', '0000-00-00', 0, 3, 'مقبول', '0000-00-00', 'الدرجة الثالثة', '0000-00-00', '0000-00-00'),
(5171, 'ابتسام شعبان صبحي محمد', 6, 1, 6, 2, 2147483647, 'بكالوريوس تربيه', 1228734183, '0000-00-00', 'العصافرة قبلي شارع الاعتصام', 'متزج', 30, 'www.ebtsan@gmail.com', '0000-00-00', 2, 6, 'تقدير/جيدجدا', '0000-00-00', 'الدرجة الثالثة', '0000-00-00', '0000-00-00'),
(5194, 'نرمين عاصم ابراهيم محمد محمد ', 4, 1, 6, 2, 2147483647, 'بكالوريوس فنون جميلة ', 1553882613, '0000-00-00', '276 شارع عبد السلام عارف السرايا ترام ', 'متزج', 34, 'Retaliakinda22@gmail.com ', '0000-00-00', 2, 3, 'جيد', '0000-00-00', '', '0000-00-00', '0000-00-00'),
(5360, 'محمد يسرى محمد مبروك', 13, 1, 6, 1, 2147483647, 'بكالوريوس تجارة ', 1555668691, '0000-00-00', 'سموحه - ابراج جرين تاورز ', 'متزج', 40, 'mohamedmabrouuk@gmail.com', '0000-00-00', 14, 0, 'جيد مرتفع', '0000-00-00', '', '0000-00-00', '0000-00-00'),
(5466, 'منه الله فوزى عبد الخالق ', 5, 1, 6, 4, 2147483647, 'دبلوم تجاريه قسم اداره الاعمال ', 1224228377, '0000-00-00', 'ش عبد الله ابن مسعود متفرع من القادسيه', 'اعزب', 24, 'mf5181012@gmail.com', '0000-00-00', 0, 0, 'دبلوم تجاره اداره اعمال', '0000-00-00', '', '0000-00-00', '0000-00-00'),
(5577, 'احمد رمضان السيد هاشم', 15, 1, 6, 1, 2147483647, 'لسانس حقوق', 1289186100, '0000-00-00', 'ابوثلات ك 25 ش عبدالله باسط', 'متزج', 37, 'Ramdan557755@gmail.com', '0000-00-00', 14, 0, 'مقبول ', '0000-00-00', 'الدرجة الاولي', '0000-00-00', '0000-00-00'),
(5586, 'فوزى فكرى عبدالله عمران', 14, 1, 6, 2, 2147483647, 'بكالوريوس خدمه اجتماعيه', 1023333813, '1990-03-03', 'مدينه النوباريه الجديده /الحى التانى ', 'متزج', 31, 'fomran444@gmail.com', '0000-00-00', 1, 1, 'جيد', '0000-00-00', 'الدرجة الثالثة', '0000-00-00', '0000-00-00'),
(5599, 'محمد فوزي عبد السلام ', 9, 1, 4, 1, 2147483647, 'بكالوريوس خدمة اجتماعية و دبلوم سياسات إدارية ', 1204311623, '0000-00-00', '١١ش الأمير لؤلؤ 7', 'متزج', 37, 'fawzy_klor@yahoo.com ', '0000-00-00', 14, 10, 'مقبول ', '0000-00-00', 'الدرجة الثانية', '0000-00-00', '0000-00-00'),
(5603, 'احمد محمود على النحاس', 15, 2, 4, 1, 2147483647, 'بكالوريوس نظم معلومات إدارية و إدارة اعمال', 1002703002, '0000-00-00', '١٠ احمد باشا ترك -فلمنج ', 'متزج', 37, 'ahmed_nhass@hotmail.com', '0000-00-00', 14, 3, 'جيد جدا ', '0000-00-00', 'الدرجة الثانية', '0000-00-00', '0000-00-00'),
(5629, 'ايه ناصر محمد صديق ', 5, 1, 6, 6, 2147483647, 'بكالوريوس تجاره قسم اداره اعمال جامعه اسكندريه', 1558704110, '0000-00-00', 'سيدي بشر قبلي شارع عقل باشا', 'اعزب', 23, 'ayansidek1999@gamil.com ', '0000-00-00', 0, 0, 'مقبول', '0000-00-00', '', '0000-00-00', '0000-00-00'),
(5661, 'اسلام محمود عبد البارى ابوزيد', 4, 1, 6, 1, 2147483647, 'ليسانس اداب', 1272737583, '0000-00-00', 'طوسون ش 25', 'متزج', 37, '', '0000-00-00', 0, 3, 'جيد', '0000-00-00', 'الدرجة الثانية', '0000-00-00', '0000-00-00'),
(5667, 'اسماء سعد ', 5, 1, 6, 2, 2147483647, 'ليسانس اداب وتربيه قسم اللغه العربيه', 1281054871, '0000-00-00', 'الزوايده شارع الحرمين الشريفين متفرع من شارع السوق', 'متزج', 27, 'asmaaragab236@gmail.com', '0000-00-00', 1, 0, 'جيد جدا مع مرتبه الشرف', '0000-00-00', 'الدرجة الثالثة', '0000-00-00', '0000-00-00'),
(5669, 'محمد فتحي فرج موسي', 16, 1, 6, 1, 2147483647, 'بكالوريوس سياحه وفنادق', 1000996128, '0000-00-00', 'محطة 16 ١ شمال التحرير ', 'متزج', 37, '', '0000-00-00', 11, 5, 'جيد جدا', '0000-00-00', 'الدرجة الثانية', '0000-00-00', '0000-00-00'),
(5677, 'محمد مصطفي عبد السلام محمود بسيوني', 5, 1, 6, 2, 2147483647, 'بكالوريوس خدمة اجتماعية', 1220422010, '0000-00-00', '38 شارع الطبيه 2', 'متزج', 33, 'Mohamedmostufa09@gmail.com', '0000-00-00', 1, 1, '2010', '0000-00-00', 'الدرجة الثالثة', '0000-00-00', '0000-00-00'),
(5679, 'اسراء حسين ابراهيم ', 7, 1, 6, 2, 2147483647, 'بكالوريوس خدمة اجتماعيه', 1013986207, '0000-00-00', '7 شارع الزرافه', 'متزج', 31, 'hussienesraa684@gmail.com', '0000-00-00', 1, 2, 'جيد جدا ', '0000-00-00', 'الدرجة الثالثة', '0000-00-00', '0000-00-00'),
(5683, 'سعيد السيد محمود محمد ', 5, 1, 6, 2, 2147483647, 'ليسانس فى التربيه ', 1062375322, '0000-00-00', '21ش المظفر الظاهرية رمل أول', 'متزج', 36, 'Saeedelsayed55@ gmail. Com', '0000-00-00', 1, 1, 'جيد', '0000-00-00', 'الدرجة الثالثة', '0000-00-00', '0000-00-00'),
(5684, 'اسماء نبيل نسيم محمد', 4, 1, 6, 2, 2147483647, 'بكالوريوس تربيه', 1271153860, '0000-00-00', '٧. ش ابن سنان فلمنج', 'متزج', 31, 'Hanasmsma08@gmaio.com', '0000-00-00', 1, 1, 'جيد جدا', '0000-00-00', 'الدرجة الثالثة', '0000-00-00', '0000-00-00'),
(5685, 'محمود عبد المالك تمام على ', 10, 1, 6, 2, 2147483647, 'ليسانس اداب', 1205793846, '0000-00-00', '٤٥ ش سفن أب بجوار مساكن فاركو 10 الإسكندرية ', 'متزج', 34, 'Mahmoudmalek634@gmail.com', '0000-00-00', 1, 0, ' جيد جدا', '0000-00-00', 'الدرجة الثالثة', '0000-00-00', '0000-00-00'),
(5687, 'رشا حسين محمد فؤاد', 7, 2, 4, 1, 2147483647, 'بكالريوس خدمة اجتماعية', 1111018577, '0000-00-00', '٥٨ ش الزرافة القبارى', 'اعزب', 40, 'Yassoododo2211@gmail.com ', '0000-00-00', 11, 4, 'جيد ', '0000-00-00', 'الدرجة الثانية', '0000-00-00', '0000-00-00'),
(5693, 'صابرين عادل صابر محمود حسن', 2, 1, 6, 2, 2147483647, 'ليسانس اداب وتربية', 1270146258, '0000-00-00', '73شارع الفواكه  - راغب ', 'اعزب', 29, 'Sabrenadel99@gmail.com', '0000-00-00', 1, 0, 'جيد جدا مع مرتبة الشرف', '0000-00-00', 'الدرجة الثالثة', '0000-00-00', '0000-00-00'),
(5697, 'ايمان زكريا زكي مكى محمد ', 6, 1, 6, 2, 2147483647, 'ليسانس اداب وتربيه', 1279617328, '0000-00-00', '٤ش احمد الخطيب العصافره قبلى متفرع من ش ٤٥', 'اعزب', 26, 'Eman Zakaria 590@yahoo.com ', '0000-00-00', 1, 0, ' جيد مرتفع', '0000-00-00', 'الدرجة الثالثة', '0000-00-00', '0000-00-00'),
(5704, 'روان على عبدالسلام على حسن', 9, 2, 6, 2, 2147483647, 'ليسانس اداب لغه عربيه ', 1275914220, '0000-00-00', '١٩ ش الهدى المتفرع من ش الحنفيه البيطاش', 'متزج', 24, 'Rowanali98@gmail.com ', '0000-00-00', 1, 0, 'جيد جدا ', '0000-00-00', 'الدرجة الثالثة', '0000-00-00', '0000-00-00'),
(5711, 'احمد سعيد عبدالمنعم احمد نصر', 2, 1, 6, 2, 2147483647, 'ليسانس آداب قسم علم نفس', 1212622115, '0000-00-00', '13 شارع الفرس راغب باشا ', 'اعزب', 27, '', '0000-00-00', 1, 0, 'جيد', '0000-00-00', '', '0000-00-00', '0000-00-00'),
(5730, 'شروق عيد ابو المجد', 6, 1, 6, 2, 2147483647, 'بكالوريوس خدمه اجتماعيه', 1278919866, '0000-00-00', 'ش خلف 40 م من جمال عبد الناصر-5', 'اعزب', 31, '', '0000-00-00', 1, 2, 'جيد مرتفع ', '0000-00-00', 'الدرجة الثالثة', '0000-00-00', '0000-00-00'),
(5733, 'دنيا السيد على حسن', 7, 1, 6, 2, 2147483647, 'ليسانس اداب', 1278801641, '0000-00-00', '13شارع سيدى ونس اللبان', 'متزج', 27, 'de3749940@gmial.com', '0000-00-00', 1, 2, 'جيد ', '0000-00-00', 'الدرجة الثالثة', '0000-00-00', '0000-00-00'),
(5741, 'منى الشريف محمود الشريف', 4, 1, 6, 2, 2147483647, 'ليسانس آداب اثروبولوجي ', 1009290307, '0000-00-00', 'تنظيم خالد باشا ناصيه ٣٧نقراشي أول المنتزة', 'اعزب', 33, '', '0000-00-00', 1, 1, ' تقدير جيد', '0000-00-00', 'الدرجة الثالثة', '0000-00-00', '0000-00-00'),
(5748, 'هبه محمود عبدالمنعم ', 6, 1, 6, 2, 2147483647, 'ليسانس آداب و تربيه ', 1033556393, '0000-00-00', '٨ش الشيخ حسين سليمان،سيدي بشر ترام ', 'اعزب', 26, 'Hebamahmoud484@gmail.com ', '0000-00-00', 1, 0, 'جيد ', '0000-00-00', 'الدرجة الثالثة', '0000-00-00', '0000-00-00'),
(5759, 'معتز محمد حسين احمد نصار', 2, 1, 6, 2, 2147483647, 'ليسانس اداب وتربيه', 1202712399, '0000-00-00', '32 شارع المحتسب 2', 'متزج', 28, 'moataznassar90@gmail.com', '0000-00-00', 1, 0, 'جيد جدا', '0000-00-00', '', '0000-00-00', '0000-00-00'),
(5762, 'معتز خليل ياقوت خليل', 12, 1, 6, 2, 2147483647, 'بكالريوس سياحة وفنادق', 1014812609, '0000-00-00', 'ابنى بيتك الحى السابع ج١ قطعة ٢٣٩ 12 الجديدة', 'متزج', 31, 'moatazyakout90@gmail.com ', '0000-00-00', 1, 1, 'جيد جدا مع مرتبة الشرف', '0000-00-00', 'الدرجة الثالثة', '0000-00-00', '0000-00-00'),
(5780, 'محمد مصطفي عبد الرازق داود', 6, 1, 6, 2, 0, 'ليسانس اداب وتربيه', 1276329945, '0000-00-00', 'ابيس 2 ', 'متزج', 29, '', '0000-00-00', 0, 0, 'جيد جدا', '0000-00-00', 'الدرجة الثالثة', '0000-00-00', '0000-00-00'),
(5783, 'هالة محمد محمد إسماعيل ', 16, 1, 6, 2, 2147483647, 'ليسانس تربيه', 1022887727, '1988-04-26', 'استراحات شركة مياه الشرب بالأسكندرية ', 'اعزب', 34, 'lmohammed38@yahoo.com ', '0000-00-00', 0, 0, 'تقدير جيد', '0000-00-00', 'الدرجة الثالثة', '0000-00-00', '0000-00-00'),
(5888, 'باسم محمد النوبي', 6, 1, 6, 1, 2147483647, 'صنايع نظام خمس سنوات', 1284584509, '0000-00-00', '45 بحر السكه', 'متزج', 34, '', '0000-00-00', 14, 2, 'جيد', '0000-00-00', 'الدرجة الثانية', '0000-00-00', '0000-00-00'),
(5974, 'محمد احمد محمد عبد العال', 16, 1, 4, 1, 2147483647, 'بكالوريوس زراعه', 1005771825, '0000-00-00', 'الناصر _ شمال التحرير _ العامريه الاسكندريه', 'متزج', 38, 'Hamada51290@gmail.com ', '0000-00-00', 12, 1, 'جيد جدا', '0000-00-00', '', '0000-00-00', '0000-00-00'),
(6034, 'محمود عتمان معوض عتمان', 12, 1, 6, 1, 2147483647, 'دبلوم تجارة', 1284818183, '0000-00-00', 'الدخيلة البحرية شارع درويش بجوار مسجد التوحيد', 'متزج', 42, 'huda.atman.2019@gmail.com', '0000-00-00', 14, 0, '', '0000-00-00', 'الدرجة الثانية', '0000-00-00', '0000-00-00'),
(6038, 'محمد يسري مرسي ابراهيم', 6, 2, 4, 1, 2147483647, 'بكالوريوس تجارة', 1206947519, '0000-00-00', '٢ ش عبد العزيز راضون متفرع من الملك حفني', 'متزج', 42, '', '0000-00-00', 0, 3, 'جيدا جيد مع مرتبه الشرف ', '0000-00-00', 'الدرجة الثالثة', '0000-00-00', '0000-00-00'),
(6131, 'احمد عبد العليم محمد', 1, 2, 6, 1, 2147483647, 'دبلوم تجارة', 1224433633, '0000-00-00', 'البيطاش ش الرياض من قبضايا', 'متزج', 35, '', '0000-00-00', 15, 3, '', '0000-00-00', 'الدرجة الثانية', '0000-00-00', '0000-00-00'),
(6173, 'احمد السيد محمود ', 1, 1, 4, 1, 2147483647, 'بكالريوس تجاره', 1271519257, '0000-00-00', 'شارع خليل ابراهيم برج الماسه ابيس 10', 'متزج', 40, '', '0000-00-00', 14, 2, '', '0000-00-00', 'الدرجة الثانية', '0000-00-00', '0000-00-00'),
(6231, 'احمد محمد محمود اسماعيل', 1, 2, 6, 1, 2147483647, 'معهد فني تجاري و بكالوريوس تجارة', 1208500251, '0000-00-00', 'الحضرة منشية 13 ش 4منزل رقم 6', 'اعزب', 36, '', '0000-00-00', 12, 3, 'مقبول', '0000-00-00', 'الدرجة الثانية', '0000-00-00', '0000-00-00'),
(6255, 'جمال عبدالناصر عنيزة مرزوق', 12, 1, 6, 1, 2147483647, 'دبلوم تجارة', 1142062062, '0000-00-00', 'الحمام العزبة الشرقية ', 'متزج', 40, 'ashrfabwdra@gmail.com', '0000-00-00', 12, 3, '', '0000-00-00', 'الدرجة الثالثة', '0000-00-00', '0000-00-00'),
(6318, 'فاطمة ابراهيم عبدالحميد الشاذلي ', 4, 2, 6, 1, 2147483647, 'دبلوم تجارة ', 1283571884, '0000-00-00', 'سيدي بشر', 'متزج', 53, 'Fatmaelshazly2019@gmail.com', '0000-00-00', 12, 10, 'جيد', '0000-00-00', 'الدرجة الثالثة', '0000-00-00', '0000-00-00'),
(6380, 'محمد احمد جابر ', 10, 1, 4, 1, 2147483647, 'بكالريوس تجاره', 1001316024, '0000-00-00', 'العامريه برج عمر المختار اول الجمهوريه ', 'متزج', 38, 'Medoomdoo1234@icloud.com', '0000-00-00', 11, 2, 'مقبول', '0000-00-00', 'الدرجة الثانية', '0000-00-00', '0000-00-00'),
(6429, 'روان طارق قباري حافظ', 6, 1, 6, 4, 2147483647, 'دبلوم تجاره قسم محاسبه+ فوق متوسط(نظم معلومات اداريه ومحاسبه)تقدير عام', 1272875858, '0000-00-00', 'المندره ش حسني ', 'اعزب', 22, 'rwantarek36@gmail.com', '0000-00-00', 3, 2, 'جيد جدا / جيد جدا ', '0000-00-00', '', '0000-00-00', '0000-00-00'),
(6431, 'اسماء رجب فؤاد ', 6, 1, 6, 4, 2147483647, 'دبلوم تجاره', 1289319585, '0000-00-00', 'المندره قبلى ', 'اعزب', 28, 'asmarjab 19@gmail.com ', '0000-00-00', 4, 0, ' جيد جدا', '0000-00-00', '', '0000-00-00', '0000-00-00'),
(6443, 'جيهان محمد محمد مرسي', 6, 2, 6, 4, 2147483647, 'ليسانس اداب ', 1283998196, '0000-00-00', '6 قبلي شارع النبوى المهندس ', 'اعزب', 34, '', '0000-00-00', 4, 1, 'جيد  ', '0000-00-00', '', '0000-00-00', '0000-00-00'),
(6444, 'ولاء على دسوقى عبد الحميد شتا', 6, 2, 6, 4, 2147483647, 'حاصله على دبلوم فنى تجارى', 1556543332, '0000-00-00', 'شارع مسجد النور اول المنتزة الاسكندريه', 'متزج', 43, 'wlaa.ali6262@gmail.com', '0000-00-00', 2, 0, 'دبلوم فنى تجارى', '0000-00-00', '', '0000-00-00', '0000-00-00'),
(6449, 'إسراء على محمود على عفيفي ', 6, 1, 6, 4, 2147483647, 'دبلوم تجاره ', 1275758644, '0000-00-00', 'المندره قبلي شارع ٣٠ ', 'متزج', 34, 'Esraaesraa2015@gmail.com ', '0000-00-00', 3, 1, 'ناجح', '0000-00-00', '', '0000-00-00', '0000-00-00'),
(6476, 'اسراء على محمود على عفيفي ', 6, 1, 6, 4, 2147483647, 'دبلوم تجاره ', 1275758644, '0000-00-00', 'المندره قبلي شارع ٣٠ ', 'متزج', 34, 'Esraa esraaesraa2015@gmail.com ', '0000-00-00', 2, 1, '   ناجه بمجموع75٪', '0000-00-00', '', '0000-00-00', '0000-00-00'),
(6499, 'نجوى رجب فؤاد جادالله ', 6, 2, 6, 4, 2147483647, 'دبلوم صنايع', 1279503174, '0000-00-00', 'المندره قبلي شارع الجبل', 'ارمل', 34, '', '0000-00-00', 0, 4, '', '0000-00-00', '', '0000-00-00', '0000-00-00'),
(6614, 'عادل عوض قاسم سعيد', 16, 1, 6, 1, 2147483647, 'كليه تجاره', 1009401345, '1976-02-05', 'الناصر شمال التحرير بجوار محطه 161', 'متزج', 46, 'لا ', '0000-00-00', 16, 3, '2016', '0000-00-00', '', '0000-00-00', '0000-00-00'),
(6657, 'ايمان صديق الحسينى ', 6, 2, 6, 1, 2147483647, 'خدمة اجتماعية ', 1281025145, '0000-00-00', 'عمارات بنك التعمير والاسكان 6 شقة٩ عمارة٤٠', 'اعزب', 48, '', '0000-00-00', 0, 1, 'جيد مرتفع ', '0000-00-00', 'الدرجة الثالثة', '0000-00-00', '0000-00-00'),
(6667, 'نسمة محمدابراهيم عثمان', 6, 1, 6, 6, 2147483647, 'بكالوريوس تجارة', 1225969176, '0000-00-00', '44ش المدينة المنورة العصافرة قبلى متفرّغ من ش30', 'متزج', 33, 'Sl6167077@gmail.com', '0000-00-00', 0, 0, 'مقبول', '0000-00-00', '', '0000-00-00', '0000-00-00'),
(6697, 'Hager Nageh Mohamed Mohamed', 6, 1, 6, 6, 2147483647, 'ليسانس حقوق', 1123761922, '0000-00-00', 'العصافره قبلي', 'اعزب', 23, '', '0000-00-00', 0, 0, 'جيد ', '0000-00-00', '', '0000-00-00', '0000-00-00'),
(7202, 'عبدالكريم حمد حسن خليل', 12, 1, 6, 1, 2147483647, 'بكالوريوس تجاره', 1224060052, '0000-00-00', '10 اول شارع 20', 'متزج', 39, '', '0000-00-00', 11, 3, 'جيد', '0000-00-00', 'الدرجة الثانية', '0000-00-00', '0000-00-00'),
(7251, 'عيد عوض مرسي', 10, 2, 4, 1, 2147483647, 'بكالوريوس تجارة', 1092533326, '0000-00-00', 'العامريه الاسكندريه', 'متزج', 41, 'eiid03589@gmail.com', '0000-00-00', 11, 5, 'مقبول ', '0000-00-00', 'الدرجة الثانية', '0000-00-00', '0000-00-00'),
(7254, 'السيد إبراهيم محمد مصرى ', 4, 2, 6, 1, 2147483647, 'دبلوم تجارة ', 1220469209, '0000-00-00', '27 شارع عبد القادر باشا حلمى الظاهرية رمل الاسكندرية ', 'متزج', 36, ' elsayedelmasry700@gmail.com ', '0000-00-00', 13, 1, '', '0000-00-00', 'الدرجة الثانية', '0000-00-00', '0000-00-00'),
(7342, 'محمد محمود عبد الوهاب محمود', 5, 1, 6, 1, 2147483647, 'دبلوم تجاره', 1275770558, '0000-00-00', '18شارع نور الاسلام متفرع من شارع الشركة العربية', 'متزج', 39, ' kawana.basha2017@gmail.com', '0000-00-00', 11, 2, '2000', '0000-00-00', 'الدرجة الثالثة', '0000-00-00', '0000-00-00'),
(7366, 'عوض شعبان عوض غضبان', 12, 2, 4, 1, 2147483647, 'بكالريوس تجارة', 1220650790, '0000-00-00', 'قريه بهيج مركز  12 الاسكندريه', 'متزج', 40, '', '0000-00-00', 11, 4, ' تقدير مقبول', '0000-00-00', 'الدرجة الثالثة', '0000-00-00', '0000-00-00'),
(7400, 'معتز فؤاد مرسي', 10, 1, 6, 1, 2147483647, 'دبلوم تجاره', 2147483647, '0000-00-00', '615 شاطى النخيل', 'متزج', 43, '', '0000-00-00', 12, 2, '', '0000-00-00', 'الدرجة الثالثة', '0000-00-00', '0000-00-00'),
(7418, 'تهانى محمد غازى', 7, 1, 6, 4, 2147483647, 'بكالوريوس جامعه عماليه ', 1205738927, '0000-00-00', '42 ش ابن سالم الورديان', 'اعزب', 31, '', '0000-00-00', 3, 0, 'جيد جدا', '0000-00-00', '', '0000-00-00', '0000-00-00'),
(7427, 'محمد احمد كامل محمد', 7, 2, 6, 1, 2147483647, 'معهد فني تجاري (فوق متوسط)', 106469211, '0000-00-00', '21 شارع اسناني خلف شارع المكس 7 مينا البصل', 'متزج', 38, 'Abu kamel 114@ gmail.com', '0000-00-00', 10, 0, 'سنه ٢٠٠٤ ', '0000-00-00', 'الدرجة الثالثة', '0000-00-00', '0000-00-00'),
(7437, 'MUSTAFA BKHEET', 2, 2, 6, 1, 2147483647, 'ادارة اعمال جامعة عمالية', 1007280840, '0000-00-00', 'شارع النصر امام جرين بلازا سموحه', 'متزج', 35, 'jspmustafa@gmail.com', '0000-00-00', 0, 5, 'جيد', '0000-00-00', 'الدرجة الثالثة', '0000-00-00', '0000-00-00'),
(7446, 'دعاء سيد أحمد عبد الرحمن ', 7, 1, 6, 4, 2147483647, 'معهد فني صناعي', 1559117598, '0000-00-00', 'الورديان المتراس ام السلطان ', 'متزج', 29, 'doaadodohema12@gmail.com', '0000-00-00', 2, 5, 'جيد جدا ', '0000-00-00', '', '0000-00-00', '0000-00-00'),
(7516, 'عبدالكريم محمد يونس احمد ', 14, 2, 4, 1, 2147483647, 'بدرس في كليه التجارة ', 1067044071, '0000-00-00', 'الناصر شمال التحرير ', 'متزج', 34, '', '0000-00-00', 10, 4, '', '0000-00-00', 'الدرجة الثالثة', '0000-00-00', '0000-00-00'),
(7521, 'محمد قطب احمد على ', 6, 1, 6, 1, 2147483647, 'ليسانس تربية تعليم أساسى ( لغة عربية )', 1284559900, '0000-00-00', 'المعمورة 1 _ شارع الرحاب _ ثان المنتزه ', 'متزج', 35, 'kotpm7620@gmail.com', '0000-00-00', 9, 4, 'جيد مرتفع ', '0000-00-00', 'الدرجة الثانية', '0000-00-00', '0000-00-00'),
(7543, 'رغدة سمير محمد كامل ', 8, 2, 4, 1, 2147483647, 'ليسانس آداب ', 1118823248, '0000-00-00', '9 الهانوفيل ', 'متزج', 32, 'Raghdasamirkamel@gmail.com ', '0000-00-00', 9, 4, ' جيد جا ', '0000-00-00', 'الدرجة الثانية', '0000-00-00', '0000-00-00'),
(7546, 'نهى عثمان حسني على ', 4, 2, 6, 1, 2147483647, 'بكالوريوس سياحه وفنادق ودراسات عليا دبلوم في السياسات الإدارية ', 1224470708, '0000-00-00', '٤ش محمود رشدي متفرع من شارع مرتضى باشا جناكليس_الاسكندريه ', 'متزج', 34, 'Nohaosman95@gmail.com ', '0000-00-00', 9, 8, 'جيد جدا', '0000-00-00', 'الدرجة الثانية', '0000-00-00', '0000-00-00'),
(7550, 'محمد سمير عبد السلام ابراهيم', 9, 1, 6, 1, 2147483647, 'بكالوريوس تجاره', 1226695300, '0000-00-00', '9 خلف جامع القويرى', 'متزج', 34, '', '0000-00-00', 9, 7, ' تقدير جيد', '0000-00-00', 'الدرجة الثانية', '0000-00-00', '0000-00-00'),
(7560, 'محمد جابر محروس برسي ', 4, 1, 4, 1, 2147483647, 'بكالوريوس زراعه', 1205842708, '0000-00-00', 'ش الهدى طوسون ابوقير', 'متزج', 34, 'elbarsi144@gmail.com ', '0000-00-00', 9, 10, 'مقبول', '0000-00-00', 'الدرجة الثانية', '0000-00-00', '0000-00-00'),
(7583, 'اسراء حسام سمير السيد', 7, 1, 4, 1, 2147483647, 'بكالوريوس نظم و معلومات', 1220802300, '0000-00-00', '13 ش عثمان جلال متفرع من عرفان 2 ', 'اعزب', 34, 'esraahossam1313@gmail.com', '0000-00-00', 8, 1, '', '0000-00-00', 'الدرجة الثانية', '0000-00-00', '0000-00-00'),
(7607, 'مصطفى احمد مدحت مصطفي كمال', 4, 1, 6, 1, 2147483647, 'بكالوريوس فنون جميله ', 1111100424, '0000-00-00', 'فلمنج', 'متزج', 42, 'mostafa.medhat80@yahoo.com', '0000-00-00', 9, 5, 'مقبول', '0000-00-00', 'الدرجة الثانية', '0000-00-00', '0000-00-00'),
(7612, 'Mohammed El Sayed abd El Salam', 11, 1, 6, 1, 2147483647, 'حاسب الي ونظم معلومات ادارية', 1284461187, '0000-00-00', 'شارع عبدالحليم محمود العصافرة بحري ', 'اعزب', 34, '', '0000-00-00', 9, 4, 'جيد ', '0000-00-00', 'الدرجة الثانية', '0000-00-00', '0000-00-00'),
(7616, 'مريم حسن جمعة حسن', 2, 2, 4, 1, 2147483647, 'ليسانس آداب ', 1067673459, '0000-00-00', '2 شارع سعد الله حلابو رقم 5', 'متزج', 37, 'maryamhassangomaa@gmail.com', '0000-00-00', 9, 5, 'جيد', '0000-00-00', 'الدرجة الثانية', '0000-00-00', '0000-00-00'),
(7620, 'إيمان مصطفى إبراهيم ', 7, 1, 6, 6, 2147483647, 'بكالوريوس خدمه اجتماعيه ', 1211305274, '0000-00-00', '٦٣شارع القفال الورديان خفاجه', 'اعزب', 24, 'em4114240@gmail.com ', '0000-00-00', 0, 0, ' مقبول ', '0000-00-00', '', '0000-00-00', '0000-00-00'),
(7621, 'غادة احمد رجب محمد', 7, 2, 6, 6, 2147483647, 'بكالوريوس تربية طفولة مبكرة', 1207893176, '0000-00-00', '٢٩ شارع الطوفي', 'اعزب', 22, 'ga2611655@gmail.com', '0000-00-00', 0, 1, 'جيد ', '0000-00-00', '', '0000-00-00', '0000-00-00'),
(7625, 'ناردين رأفت محروس مقار ', 7, 1, 6, 6, 2147483647, 'ليسانس آداب قسم الآثار والدراسات اليونانية والرومانية', 1271445235, '0000-00-00', '٤٣ ش سيف اليزل_ الورديان ', 'اعزب', 23, 'nardeenraafat335@gmail.com ', '0000-00-00', 0, 0, 'تقدير عام جيد ', '0000-00-00', '', '0000-00-00', '0000-00-00'),
(7647, 'هبه محمد زغلول فريد', 7, 2, 6, 6, 2147483647, 'بكالوريوس تربية طفولة مبكرة', 1287842081, '0000-00-00', '12شارع رحاب كرموز', 'اعزب', 22, 'hebam2404@gmail.com', '0000-00-00', 0, 2, 'جيد ', '0000-00-00', '', '0000-00-00', '0000-00-00'),
(7654, 'باسم سالم محمد عبدالمنعم', 9, 1, 6, 1, 2147483647, 'ليسانس حقوق', 1068737497, '0000-00-00', '9 طريق اسكندرية مطروح امام مسجد القويرى', 'متزج', 36, 'basemsalem058@gamil.com', '0000-00-00', 9, 3, 'مقبول', '0000-00-00', 'الدرجة الثانية', '0000-00-00', '0000-00-00'),
(7679, 'أمينة ماهر حافظ', 7, 1, 6, 6, 2147483647, 'ليسانس دراسات اسلامية ', 1113604855, '0000-00-00', '120شارع رشيد رضا 7', 'اعزب', 24, 'aminamaher28@gmail.com', '0000-00-00', 0, 2, 'جيد', '0000-00-00', '', '0000-00-00', '0000-00-00'),
(7693, 'اماني ابراهيم عبدالغفار محمد', 7, 2, 6, 6, 2147483647, 'بكالوريوس خدمة اجتماعية', 1211735363, '0000-00-00', 'ش الأمير لؤلؤ شمال المتراس ب ١ م ٢', 'اعزب', 24, 'amanyibrahim283@gmail.com', '0000-00-00', 0, 1, 'جيد جدا ', '0000-00-00', '', '0000-00-00', '0000-00-00'),
(7864, 'فتحية السيد عفيفى الشناوى ', 9, 2, 4, 1, 2147483647, 'دبلوم تجارة', 1271045248, '0000-00-00', 'البيطاش الرئيسى أمام الاندلس والحجاز عمارة الانوار', 'متزج', 42, '', '0000-00-00', 9, 3, 'لا اذكر', '0000-00-00', 'الدرجة الرابعة', '0000-00-00', '0000-00-00'),
(7911, 'الشيماء أحمد حسين ابراهيم عليوة ', 1, 2, 6, 2, 2147483647, 'بكالوريوس تجارة شعبة محاسبة و دراسات عليا فى المحاسبة الآلية و الحاسب ', 1210722963, '0000-00-00', '٢٣ ش ابن العنبرى _ 2 ', 'اعزب', 44, 'Alshaimaaeliwa@gmail.com ', '0000-00-00', 8, 7, ' مقبول', '0000-00-00', 'الدرجة الثالثة', '0000-00-00', '0000-00-00'),
(7999, 'انجى عادل رمسيس', 9, 1, 6, 2, 2147483647, 'بكالوريوس تجاره', 1277267078, '0000-00-00', 'البيطاش شارع الحي عمارات الحديد والصلب', 'متزج', 38, 'gege60113@gamail.com', '0000-00-00', 8, 2, 'جيد جدا', '0000-00-00', 'الدرجة الثالثة', '0000-00-00', '0000-00-00'),
(8012, 'عفاف اسامه أحمد محمود', 4, 1, 6, 2, 2147483647, 'بكالوريس تجارة', 1202910482, '0000-00-00', '5', 'متزج', 32, 'fofffa.sallam@yahoo.com', '0000-00-00', 8, 5, ' جيد جدا', '0000-00-00', 'الدرجة الثالثة', '0000-00-00', '0000-00-00'),
(8083, 'ايمن يوسف محمد', 2, 2, 6, 1, 2147483647, 'دبلوم تجارة', 1200087667, '0000-00-00', 'الزوايدة', 'متزج', 41, 'لا يوجد', '0000-00-00', 12, 0, 'جيد جدا', '0000-00-00', 'الدرجة الثانية', '0000-00-00', '0000-00-00'),
(8459, 'فتحيه شهدي عبد المنعم ابراهيم', 8, 2, 6, 4, 2147483647, 'بكالوريوس تجاره', 1282525234, '0000-00-00', '8شارع الاداب كرموز الاسكندريه', 'اعزب', 31, 'Tota.Mohamed.9186@gmail.com', '0000-00-00', 1, 1, 'مقبول', '0000-00-00', '', '0000-00-00', '0000-00-00'),
(8644, 'منة الله عبد الرحيم احمد عبد الرحيم', 8, 2, 6, 6, 2147483647, 'بكالريوس خدمه اجتماعيه ', 1210963042, '0000-00-00', 'بوابه ٨امام مجمع المدرس امير الشعراء', 'اعزب', 24, 'mennaabdelrhim4@gmail.com ', '0000-00-00', 0, 1, 'جيد', '0000-00-00', '', '0000-00-00', '0000-00-00'),
(9432, 'روان محمد اسماعيل ابراهيم حسن', 9, 2, 6, 4, 2147483647, 'دبلوم تجاره', 1227400875, '0000-00-00', 'الهانوفيل', 'اعزب', 23, 'Rewan mohamed esmail', '0000-00-00', 3, 1, '', '0000-00-00', '', '0000-00-00', '0000-00-00'),
(9449, 'أمنية محمد احمد', 9, 1, 6, 4, 2147483647, 'دبلوم تجارى', 1274246297, '0000-00-00', 'الورديان', 'متزج', 35, '', '0000-00-00', 0, 3, '', '0000-00-00', '', '0000-00-00', '0000-00-00'),
(9574, 'محمد احمد محمد عبد العال ', 16, 1, 6, 1, 2147483647, 'بكالوريوس زراعه ', 1005771825, '1984-10-17', 'الناصر -شمال التحرير- العامريه -الاسكندريه', 'متزج', 38, 'hamada51290@gmail.com ', '0000-00-00', 11, 4, 'جيد جدا', '0000-00-00', 'الدرجة الثانية', '0000-00-00', '0000-00-00'),
(10423, 'عادل على محمد مرزوق حامد ', 10, 2, 6, 4, 2147483647, 'دبلوم تجارة', 1090976368, '0000-00-00', 'الناصر شمال التحرير / شارع مكة العمارات', 'متزج', 36, 'لا يوجد ', '0000-00-00', 2, 1, ' جيد جداً ', '0000-00-00', '', '0000-00-00', '0000-00-00'),
(10433, 'زينب جمال ناجي احمد', 10, 1, 6, 4, 2147483647, 'دبلوم تجاره', 1207884211, '0000-00-00', 'نجع رسلان خلف المركز الدولي ', 'متزج', 27, '', '0000-00-00', 0, 0, '', '0000-00-00', '', '0000-00-00', '0000-00-00'),
(10484, 'جهاد محمد هريدي عبد العزيز', 10, 1, 6, 4, 2147483647, 'دبلوم', 1277057667, '0000-00-00', 'العامريه السفن', 'اعزب', 26, 'لا يوجد', '0000-00-00', 1, 0, '', '0000-00-00', '', '0000-00-00', '0000-00-00'),
(10631, 'فاطمة محمد محمود محمد قلقيلة ', 10, 2, 6, 6, 2147483647, 'ليسانس آداب', 1119686071, '0000-00-00', '10 شارع مستشفى 10', 'اعزب', 25, '', '0000-00-00', 0, 1, '', '0000-00-00', '', '0000-00-00', '0000-00-00'),
(10670, 'كريمان اشرف محمد ', 10, 1, 6, 6, 2147483647, 'ليسانس حقوق ', 1282021492, '0000-00-00', '10 خلف قسم 10 جوار سوق الثلاثاء ', 'اعزب', 25, 'akariman759@gmail.com ', '0000-00-00', 0, 3, '', '0000-00-00', '', '0000-00-00', '0000-00-00'),
(10675, 'اسراء محمد احمد محمد زغلول ', 10, 2, 6, 6, 2147483647, 'بكالوريوس تجارة انجليزي', 1026805525, '0000-00-00', 'العامريه شارع مستشفى الصفوه متفرع من شارع الجمهوريه', 'اعزب', 23, '', '0000-00-00', 0, 0, 'جيد ', '0000-00-00', '', '0000-00-00', '0000-00-00'),
(13415, 'احمد محمد منصور عبدالهادي', 13, 2, 6, 4, 2147483647, 'دبلوم تجاره. وبكلريوس تجارة', 1210309632, '0000-00-00', '١ش الازهار عزبة محسن العوايد', 'متزج', 42, '', '0000-00-00', 5, 3, 'جيد ', '0000-00-00', '', '0000-00-00', '0000-00-00'),
(14480, 'شرين عادل عبدالعظيم ', 14, 1, 6, 4, 2147483647, 'دبلوم تجاره', 1012739550, '0000-00-00', 'النوباريه', 'متزج', 28, '', '0000-00-00', 5, 0, '', '0000-00-00', '', '0000-00-00', '0000-00-00'),
(14486, 'اسماء شعبان عبدالفتاح محمد النجار ', 14, 1, 6, 4, 2147483647, 'دبلوم فنية تجاري ', 1005270294, '0000-00-00', 'مدينة النوباريه ', 'متزج', 26, '', '0000-00-00', 0, 0, '', '0000-00-00', '', '0000-00-00', '0000-00-00'),
(14680, 'امل شعبان جابر ', 14, 2, 6, 6, 2147483647, 'ليسانس اداب ', 1016975887, '0000-00-00', 'الناصر شمال التحرير', 'اعزب', 26, 'shaabanaml4@gmail.com', '0000-00-00', 0, 4, 'جيد جدا ', '0000-00-00', '', '0000-00-00', '0000-00-00'),
(16687, 'امانى هشام السيد سيد', 16, 1, 6, 6, 2147483647, 'بكالوريوس', 1142653296, '0000-00-00', 'الإسكندرية 10 خلف مجمع المدارس', 'اعزب', 23, 'amanyhesham1133@gmail.com', '0000-00-00', 0, 0, 'جيد ', '0000-00-00', '', '0000-00-00', '0000-00-00'),
(17254, 'السيد إبراهيم محمد مصرى ', 4, 2, 6, 1, 2147483647, 'دبلوم تجارة ', 1220469209, '0000-00-00', '27 شارع عبد القادر باشا حلمى الظاهرية رمل ', 'متزج', 36, 'elsayedelmasry700@gmail.com ', '0000-00-00', 13, 11, 'جيد جدا ', '0000-00-00', 'الدرجة الثانية', '0000-00-00', '0000-00-00'),
(25517, 'بسنت مصطفى عبد الرحمن ', 4, 1, 6, 6, 2147483647, 'بكالوريوس تجارة', 1224400543, '0000-00-00', 'عمارات ضباط مصطفي كامل ', 'اعزب', 27, '', '0000-00-00', 0, 0, 'جيد ', '0000-00-00', '', '0000-00-00', '0000-00-00'),
(28228, 'هاجر محمد احمد السيد نورالدين', 1, 1, 6, 6, 2147483647, 'بكالوريوس تجارة إنجليزي جامعة الإسكندرية', 1289289876, '0000-00-00', '68 الجواهر من كوبري 3', 'اعزب', 23, 'hagereldeeb228@gmail.com', '0000-00-00', 0, 0, '', '0000-00-00', '', '0000-00-00', '0000-00-00'),
(28329, 'شروق خيرت السيد عبد الحميد الشيمي', 2, 1, 6, 6, 2147483647, 'كلية تجارة قسم إدارة أعمال - تسويق', 1555744773, '0000-00-00', '6 ش الوزير 2', 'متزج', 23, 'Shorouk.elshimy55@gmail.com', '0000-00-00', 0, 0, 'جيد مرتفع', '0000-00-00', '', '0000-00-00', '0000-00-00'),
(55095, 'يوسف حسين زين محمد', 2, 2, 6, 2, 2147483647, 'ليسانس حقوق', 1226711064, '0000-00-00', '13 ش الكمال 2', 'متزج', 36, 'youssefzein101@gmail.com', '0000-00-00', 2, 1, 'مقبول', '0000-00-00', 'الدرجة الثالثة', '0000-00-00', '0000-00-00'),
(55113, 'دينا حسين محمد فؤاد سرى', 4, 2, 6, 2, 2147483647, 'بكالوريوس فنون جميله', 1220940371, '0000-00-00', '3', 'متزج', 40, '', '0000-00-00', 2, 2, 'مقبول ', '0000-00-00', '', '0000-00-00', '0000-00-00'),
(55115, 'محمد على رزق على', 1, 1, 6, 2, 2147483647, 'ليسانس اداب قسم تاريخ ', 1227262933, '0000-00-00', '٨ شارع مسجد بدر أمام كارفور 5 ', 'متزج', 35, 'm.rezk.dataway@gmail.com ', '0000-00-00', 8, 4, 'جيد', '0000-00-00', 'الدرجة الثالثة', '0000-00-00', '0000-00-00'),
(55138, 'محمد مصطفى خميس بيومى', 13, 1, 6, 2, 2147483647, 'ليسانس اداب وتربيه', 1228169320, '0000-00-00', 'كفر الدوار البحيره', 'متزج', 35, '', '0000-00-00', 2, 4, 'مقبول', '0000-00-00', 'الدرجة الثالثة', '0000-00-00', '0000-00-00'),
(55146, 'محمد صلاح ابوالحمد عبد العزيز', 1, 1, 6, 2, 2147483647, 'بكالوريوس نظم معلومات اداريه', 1229290123, '0000-00-00', '٧٨ ش محسن باشا/2', 'متزج', 37, 'mohamed5426salah', '0000-00-00', 2, 3, 'مقبول', '0000-00-00', 'الدرجة الثالثة', '0000-00-00', '0000-00-00'),
(55150, 'إسلام عبد الرحمن على عبد الباقى', 13, 2, 6, 2, 2147483647, 'بكالوريوس سياحة و فنادق', 1229103737, '0000-00-00', '٢٥ شارع المفتش الحضرة قبلي ابراج مدينة الشباب ', 'اعزب', 40, 'islamtolip@gmail.com', '0000-00-00', 2, 3, 'جيد', '0000-00-00', 'الدرجة الثالثة', '0000-00-00', '0000-00-00'),
(55157, 'احمد صلاح الدين السيد شمس الدين', 14, 1, 6, 2, 2147483647, 'بكالوريوس ', 1028550728, '0000-00-00', 'قطعه 132 أ - ابنى بيتك - غرب 14', 'متزج', 31, 'Ahmedshames126@gmail.com', '0000-00-00', 0, 2, 'جيد جدآ ', '0000-00-00', 'الدرجة الثالثة', '0000-00-00', '0000-00-00'),
(55178, 'صباح على عبدالنبى سالم ', 13, 1, 6, 2, 2147483647, 'بكالوريوس خدمه اجتماعيه', 1275529709, '0000-00-00', 'مركز ابوحمص محافظه البحيره', 'متزج', 34, 'sabhasalm563@gmail.com', '0000-00-00', 2, 3, 'جيد مرتفع ', '0000-00-00', 'الدرجة الثالثة', '0000-00-00', '0000-00-00'),
(55188, 'أمنية عزت محمود عبدالحفيظ نوفل', 13, 1, 6, 2, 2147483647, 'ليسانس اداب وتربيه', 1002724545, '0000-00-00', 'كوم حماده -البحيره', 'متزج', 28, 'omnianofal099@gmail.com', '0000-00-00', 2, 2, 'جيد جدا ', '0000-00-00', 'الدرجة الثالثة', '0000-00-00', '0000-00-00'),
(55637, 'محمد سعيد محمد عبدالصبور', 13, 1, 6, 2, 2147483647, 'بكالوريوس تجاره', 1126457295, '0000-00-00', 'ابيس الثانيه', 'متزج', 28, '', '0000-00-00', 1, 2, 'مقبول', '0000-00-00', 'الدرجة الثالثة', '0000-00-00', '0000-00-00'),
(55661, 'منى عثمان محمد عثمان نصر', 2, 1, 6, 2, 2147483647, 'ليسانس اداب', 1018838101, '0000-00-00', '4 ش النظام 2', 'اعزب', 29, 'osmanmony81@gmail.com', '0000-00-00', 0, 0, 'جيد', '0000-00-00', 'الدرجة الثالثة', '0000-00-00', '0000-00-00'),
(55665, 'محمد ممدوح السيد محمود ', 9, 1, 6, 2, 2147483647, 'لسانس في الآداب و التربية ', 1220839091, '0000-00-00', '12ش ابن السيار 7 ', 'اعزب', 26, 'Badaweno2016@gmail ', '0000-00-00', 1, 1, 'جيد جدا ', '0000-00-00', 'الدرجة الثالثة', '0000-00-00', '0000-00-00'),
(55668, 'محمد أشرف عبدالله محمد حسين', 12, 2, 6, 2, 2147483647, 'بكالوريوس سياحة وفنادق جامعة الإسكندرية', 1279396783, '0000-00-00', '12 الجديدة . الأهالي أمام سيتي مول', 'متزج', 30, 'eslamashrafabdallah1@gmail.com', '0000-00-00', 1, 0, 'جيد', '0000-00-00', 'الدرجة الثالثة', '0000-00-00', '0000-00-00'),
(55674, 'منى عبدالعزيز عبدالمحسن ', 14, 2, 6, 2, 2147483647, 'ليسانس تربية', 1012234617, '0000-00-00', 'مدينة 14 الجديدة', 'متزج', 30, '', '0000-00-00', 1, 0, 'جيد ', '0000-00-00', 'الدرجة الثالثة', '0000-00-00', '0000-00-00'),
(55682, 'عبدالله محمد محمود علي حسين ', 9, 1, 6, 2, 2147483647, 'حاصل على ليسانس آداب ', 1150980029, '0000-00-00', 'البيطاش شهر العسل _ العجمي ', 'اعزب', 26, 'abdalla.abodeeb1995@gmail.com', '0000-00-00', 1, 2, 'عام جيد ', '0000-00-00', 'الدرجة الثالثة', '0000-00-00', '0000-00-00'),
(55686, 'نسمة محمد جابر عبدالحليم احمد ', 10, 2, 6, 2, 2147483647, 'ليسانس في الاداب والتربية ', 1205655969, '0000-00-00', 'عبدالقادر بحري خلف محروس المحامي ', 'متزج', 23, 'nnesma80@yahoo.com', '0000-00-00', 1, 0, 'جيدجدا مع مرتبة الشرف', '0000-00-00', 'الدرجة الثالثة', '0000-00-00', '0000-00-00'),
(55687, 'محمد احمد محمد احمد الحصري', 4, 1, 6, 2, 2147483647, 'ليسانس تربيه لغة عربيه', 1001515687, '0000-00-00', '43المرسلين الامريكان /جناكليس', 'متزج', 33, 'elhousarymohamed@gmail.com', '0000-00-00', 0, 0, 'جيد', '0000-00-00', 'الدرجة الثالثة', '0000-00-00', '0000-00-00'),
(55694, 'محمد عبد الحميد على سعد', 6, 1, 6, 2, 2147483647, 'ليسانس اداب جغرافيا', 1206455329, '0000-00-00', 'الطابية خط رشيد منتزة اسكندرية ', 'متزج', 34, 'mohamedhamada0024@gmail.com ', '0000-00-00', 1, 1, 'جيد ', '0000-00-00', 'الدرجة الثالثة', '0000-00-00', '0000-00-00'),
(55695, 'Abdullah Fawzy Ali Mohammed', 9, 1, 6, 2, 2147483647, 'بكالوريوس إرشاد سياحى ', 1201979580, '0000-00-00', '١٣ شارع اسماعيل الطلخاوى البيطاش 9 ', 'اعزب', 32, 'Abdullahfawzy2019@gmail.com', '0000-00-00', 1, 2, ' جيد جدا ', '0000-00-00', 'الدرجة الثالثة', '0000-00-00', '0000-00-00'),
(55700, 'ايمان رضا عمر ابو الفتوح مكي ', 2, 1, 6, 2, 2147483647, 'ليسانس اداب وتربيه', 1289233094, '0000-00-00', '1شارع النعمان 2 ', 'اعزب', 23, 'emanmekky2007@gmail.com', '0000-00-00', 1, 0, 'جيدجدا', '0000-00-00', 'الدرجة الثالثة', '0000-00-00', '0000-00-00'),
(55701, 'أميرة محمد السيد اسماعيل عابد', 2, 1, 6, 2, 2147483647, 'ليسانس اداب و تربية ', 1222391375, '0000-00-00', '8شارع زيدان 2', 'اعزب', 24, 'amyrt062@gmail.com', '0000-00-00', 1, 0, 'جيد جدا', '0000-00-00', 'الدرجة الثالثة', '0000-00-00', '0000-00-00'),
(55739, 'محمد سعد حماده على', 7, 1, 6, 2, 2147483647, 'بكالريوس سياحة وفنادق', 1228348171, '0000-00-00', 'وادى القمر', 'متزج', 33, 'nohamed.saad421@yahoo.com', '0000-00-00', 1, 5, 'very good', '0000-00-00', 'الدرجة الثالثة', '0000-00-00', '0000-00-00'),
(55747, 'إسراء محمد عبدالفتاح عبدالرحيم ', 13, 2, 6, 2, 2147483647, 'بكالوريوس تربيه', 1017740678, '0000-00-00', 'عزبة محسن الكبرى_ العوايد_ اول المنتزه _الاسكندريه', 'متزج', 25, '', '0000-00-00', 1, 0, 'جيد ', '0000-00-00', 'الدرجة الثالثة', '0000-00-00', '0000-00-00'),
(55756, 'محمود عبد السلام عبد الفضيل', 16, 1, 6, 2, 2147483647, 'بكالوريوس علوم و تربية ', 1025041085, '0000-00-00', 'العزة 10 ', 'متزج', 30, '', '0000-00-00', 1, 0, 'جيد جدا .', '0000-00-00', 'الدرجة الثالثة', '0000-00-00', '0000-00-00'),
(55779, 'ابراهيم السيد عطيه الشامخ', 13, 1, 6, 2, 2147483647, 'بكالوريوس سياحة وفنادق ', 1210800626, '0000-00-00', 'الرابعة الناصرية المدخل الثاني شرق سموحة الإسكندرية ', 'اعزب', 30, 'ibrahimelshamekh@gmail.com ', '0000-00-00', 0, 0, 'جيد مرتفع', '0000-00-00', 'الدرجة الثالثة', '0000-00-00', '0000-00-00'),
(55788, 'شريف عبد الفتاح احمد محمد', 13, 1, 6, 2, 2147483647, 'ليسانس لغات وترجمه', 1205891119, '0000-00-00', 'ابيس 2', 'متزج', 31, 'sherifabdulfattah33@gmail.com', '0000-00-00', 31, 1, 'جيد', '0000-00-00', 'الدرجة الثالثة', '0000-00-00', '0000-00-00');

-- --------------------------------------------------------

--
-- Table structure for table `employee_courses`
--

CREATE TABLE `employee_courses` (
  `employee_courses_id` int(50) NOT NULL,
  `employee_code` int(11) NOT NULL,
  `employee_courses_names` varchar(100) NOT NULL
) ENGINE=InnoDB DEFAULT CHARSET=utf16;

--
-- Dumping data for table `employee_courses`
--

INSERT INTO `employee_courses` (`employee_courses_id`, `employee_code`, `employee_courses_names`) VALUES
(1, 7560, 'GIS');

-- --------------------------------------------------------

--
-- Table structure for table `emp_of_follow_eva`
--

CREATE TABLE `emp_of_follow_eva` (
  `emp_of_follow_eva_id` int(5) NOT NULL,
  `branch_id` int(5) NOT NULL,
  `emp_of_follow_eva_date` date NOT NULL,
  `employee_code` int(5) NOT NULL,
  `emp_finish_complaint` int(5) NOT NULL,
  `emp_commonucation` int(5) NOT NULL,
  `emp_attendance` int(5) NOT NULL,
  `emp_direct_manger` int(5) NOT NULL,
  `emp_quality_preview` int(5) NOT NULL,
  `emp_follow_preview` int(5) NOT NULL,
  `emp_follow_relationship` int(5) NOT NULL,
  `emp_collaboration_with_other` int(5) NOT NULL,
  `emp_finishing_preview` int(5) NOT NULL,
  `emp_quality_response` int(5) NOT NULL
) ENGINE=InnoDB DEFAULT CHARSET=utf16;

-- --------------------------------------------------------

--
-- Table structure for table `emp_of_retail_eva`
--

CREATE TABLE `emp_of_retail_eva` (
  `emp_of_retail_eva_id` int(10) NOT NULL,
  `branch_id` int(5) NOT NULL,
  `emp_of_retail_eva_date` date NOT NULL,
  `employee_code` int(10) NOT NULL,
  `emp_avg_wating` int(5) NOT NULL,
  `emp_avg_serv` int(5) NOT NULL,
  `emp_attendance` int(5) NOT NULL,
  `emp_outfit` int(5) NOT NULL,
  `emp_wrongs` int(5) NOT NULL,
  `emp_sub_serv` int(5) NOT NULL,
  `emp_relationship` int(5) NOT NULL,
  `emp_direct_manger` int(5) NOT NULL,
  `emp_performance_percent` int(5) NOT NULL,
  `emp_surv` int(5) NOT NULL
) ENGINE=InnoDB DEFAULT CHARSET=utf16;

-- --------------------------------------------------------

--
-- Table structure for table `head_of_follow_eva`
--

CREATE TABLE `head_of_follow_eva` (
  `head_of_follow_eva_id` int(50) NOT NULL,
  `branch_id` int(5) NOT NULL,
  `head_of_follow_eva_date` date NOT NULL,
  `employee_code` int(50) NOT NULL,
  `follow_end_complaints` int(5) NOT NULL,
  `follow_contact_with_clients` int(5) NOT NULL,
  `follow_attendance` int(5) NOT NULL,
  `follow_modifications_of_eva` int(5) NOT NULL,
  `follow_previews` int(5) NOT NULL,
  `follow_delivering_information` int(5) NOT NULL,
  `follow_relationship_employees` int(5) NOT NULL,
  `follow_collaboration-with_other` int(5) NOT NULL,
  `follow_settlements` int(5) NOT NULL,
  `follow_response_quality` int(5) NOT NULL
) ENGINE=InnoDB DEFAULT CHARSET=utf16;

-- --------------------------------------------------------

--
-- Table structure for table `head_of_retail_eva`
--

CREATE TABLE `head_of_retail_eva` (
  `head_of_retail_eva_id` int(50) NOT NULL,
  `branch_id` int(5) NOT NULL,
  `head_of_retail_eva_date` date NOT NULL,
  `employee_code` int(50) NOT NULL,
  `retail_avg_wating` int(5) NOT NULL,
  `retail_paid_orders` int(5) NOT NULL,
  `retail_attendance` int(5) NOT NULL,
  `retail_cleanliness` int(5) NOT NULL,
  `retail_emp_wrong` int(5) NOT NULL,
  `retail_delivering_information` int(5) NOT NULL,
  `retail_relationship_employees` int(5) NOT NULL,
  `retail_modifications_of_eva` int(5) NOT NULL,
  `retail_pending_orders` int(5) NOT NULL,
  `retail_pending_signature` int(5) NOT NULL
) ENGINE=InnoDB DEFAULT CHARSET=utf16;

-- --------------------------------------------------------

--
-- Table structure for table `job_title`
--

CREATE TABLE `job_title` (
  `job_title_id` int(50) NOT NULL,
  `job_title_name` varchar(50) NOT NULL
) ENGINE=InnoDB DEFAULT CHARSET=utf16;

--
-- Dumping data for table `job_title`
--

INSERT INTO `job_title` (`job_title_id`, `job_title_name`) VALUES
(1, 'مدير عام'),
(2, 'مدير إدارة'),
(3, 'مشرف إدارة'),
(4, 'رئيس قسم'),
(5, 'مشرف قسم'),
(6, 'اخصائي خدمة عملاء');

-- --------------------------------------------------------

--
-- Table structure for table `sectors`
--

CREATE TABLE `sectors` (
  `sectors_id` int(5) NOT NULL,
  `sectors_name` varchar(100) NOT NULL
) ENGINE=InnoDB DEFAULT CHARSET=utf16;

--
-- Dumping data for table `sectors`
--

INSERT INTO `sectors` (`sectors_id`, `sectors_name`) VALUES
(1, 'شرق'),
(2, 'وسط'),
(3, 'غرب'),
(4, 'جنوب'),
(5, 'المنافذ الخارجية و التعاقد المنزلي'),
(6, 'التقييم والتطوير');

-- --------------------------------------------------------

--
-- Table structure for table `users`
--

CREATE TABLE `users` (
  `user_id` int(50) NOT NULL,
  `username` varchar(50) NOT NULL,
  `password` varchar(20) NOT NULL,
  `privleges` varchar(20) NOT NULL
) ENGINE=InnoDB DEFAULT CHARSET=utf16;

--
-- Dumping data for table `users`
--

INSERT INTO `users` (`user_id`, `username`, `password`, `privleges`) VALUES
(1, 'karim', '123', 'admin');

--
-- Indexes for dumped tables
--

--
-- Indexes for table `branches`
--
ALTER TABLE `branches`
  ADD PRIMARY KEY (`branch_id`),
  ADD KEY `sectors_id` (`sectors_id`);

--
-- Indexes for table `contract_type`
--
ALTER TABLE `contract_type`
  ADD PRIMARY KEY (`contract_type_id`);

--
-- Indexes for table `department`
--
ALTER TABLE `department`
  ADD PRIMARY KEY (`department_id`);

--
-- Indexes for table `employee`
--
ALTER TABLE `employee`
  ADD PRIMARY KEY (`employee_code`),
  ADD KEY `branch_id` (`branch_id`),
  ADD KEY `department_id` (`department_id`),
  ADD KEY `job_title_id` (`job_title_id`),
  ADD KEY `contract_type_id` (`contract_type_id`);

--
-- Indexes for table `employee_courses`
--
ALTER TABLE `employee_courses`
  ADD PRIMARY KEY (`employee_courses_id`),
  ADD KEY `employee_code` (`employee_code`);

--
-- Indexes for table `emp_of_follow_eva`
--
ALTER TABLE `emp_of_follow_eva`
  ADD PRIMARY KEY (`emp_of_follow_eva_id`),
  ADD KEY `branch_id` (`branch_id`),
  ADD KEY `employee_code` (`employee_code`);

--
-- Indexes for table `emp_of_retail_eva`
--
ALTER TABLE `emp_of_retail_eva`
  ADD PRIMARY KEY (`emp_of_retail_eva_id`),
  ADD KEY `branch_id` (`branch_id`),
  ADD KEY `employee_code` (`employee_code`);

--
-- Indexes for table `head_of_follow_eva`
--
ALTER TABLE `head_of_follow_eva`
  ADD PRIMARY KEY (`head_of_follow_eva_id`),
  ADD KEY `employee_code` (`employee_code`),
  ADD KEY `branch_id` (`branch_id`);

--
-- Indexes for table `head_of_retail_eva`
--
ALTER TABLE `head_of_retail_eva`
  ADD PRIMARY KEY (`head_of_retail_eva_id`),
  ADD KEY `employee_code` (`employee_code`),
  ADD KEY `branch_id` (`branch_id`);

--
-- Indexes for table `job_title`
--
ALTER TABLE `job_title`
  ADD PRIMARY KEY (`job_title_id`);

--
-- Indexes for table `sectors`
--
ALTER TABLE `sectors`
  ADD PRIMARY KEY (`sectors_id`);

--
-- Indexes for table `users`
--
ALTER TABLE `users`
  ADD PRIMARY KEY (`user_id`);

--
-- AUTO_INCREMENT for dumped tables
--

--
-- AUTO_INCREMENT for table `contract_type`
--
ALTER TABLE `contract_type`
  MODIFY `contract_type_id` int(50) NOT NULL AUTO_INCREMENT, AUTO_INCREMENT=7;

--
-- AUTO_INCREMENT for table `employee_courses`
--
ALTER TABLE `employee_courses`
  MODIFY `employee_courses_id` int(50) NOT NULL AUTO_INCREMENT, AUTO_INCREMENT=3;

--
-- AUTO_INCREMENT for table `emp_of_follow_eva`
--
ALTER TABLE `emp_of_follow_eva`
  MODIFY `emp_of_follow_eva_id` int(5) NOT NULL AUTO_INCREMENT;

--
-- AUTO_INCREMENT for table `emp_of_retail_eva`
--
ALTER TABLE `emp_of_retail_eva`
  MODIFY `emp_of_retail_eva_id` int(10) NOT NULL AUTO_INCREMENT;

--
-- AUTO_INCREMENT for table `head_of_follow_eva`
--
ALTER TABLE `head_of_follow_eva`
  MODIFY `head_of_follow_eva_id` int(50) NOT NULL AUTO_INCREMENT;

--
-- AUTO_INCREMENT for table `head_of_retail_eva`
--
ALTER TABLE `head_of_retail_eva`
  MODIFY `head_of_retail_eva_id` int(50) NOT NULL AUTO_INCREMENT;

--
-- AUTO_INCREMENT for table `job_title`
--
ALTER TABLE `job_title`
  MODIFY `job_title_id` int(50) NOT NULL AUTO_INCREMENT, AUTO_INCREMENT=7;

--
-- AUTO_INCREMENT for table `sectors`
--
ALTER TABLE `sectors`
  MODIFY `sectors_id` int(5) NOT NULL AUTO_INCREMENT, AUTO_INCREMENT=7;

--
-- AUTO_INCREMENT for table `users`
--
ALTER TABLE `users`
  MODIFY `user_id` int(50) NOT NULL AUTO_INCREMENT, AUTO_INCREMENT=2;

--
-- Constraints for dumped tables
--

--
-- Constraints for table `branches`
--
ALTER TABLE `branches`
  ADD CONSTRAINT `branches_ibfk_1` FOREIGN KEY (`sectors_id`) REFERENCES `sectors` (`sectors_id`) ON UPDATE CASCADE;

--
-- Constraints for table `employee`
--
ALTER TABLE `employee`
  ADD CONSTRAINT `employee_ibfk_1` FOREIGN KEY (`branch_id`) REFERENCES `branches` (`branch_id`) ON DELETE NO ACTION ON UPDATE CASCADE,
  ADD CONSTRAINT `employee_ibfk_2` FOREIGN KEY (`department_id`) REFERENCES `department` (`department_id`) ON DELETE NO ACTION ON UPDATE CASCADE,
  ADD CONSTRAINT `employee_ibfk_3` FOREIGN KEY (`job_title_id`) REFERENCES `job_title` (`job_title_id`) ON DELETE NO ACTION ON UPDATE CASCADE,
  ADD CONSTRAINT `employee_ibfk_4` FOREIGN KEY (`contract_type_id`) REFERENCES `contract_type` (`contract_type_id`) ON DELETE NO ACTION ON UPDATE CASCADE;

--
-- Constraints for table `employee_courses`
--
ALTER TABLE `employee_courses`
  ADD CONSTRAINT `employee_courses_ibfk_1` FOREIGN KEY (`employee_code`) REFERENCES `employee` (`employee_code`) ON UPDATE CASCADE;

--
-- Constraints for table `emp_of_follow_eva`
--
ALTER TABLE `emp_of_follow_eva`
  ADD CONSTRAINT `emp_of_follow_eva_ibfk_1` FOREIGN KEY (`employee_code`) REFERENCES `employee` (`employee_code`) ON UPDATE CASCADE,
  ADD CONSTRAINT `emp_of_follow_eva_ibfk_2` FOREIGN KEY (`branch_id`) REFERENCES `branches` (`branch_id`) ON UPDATE CASCADE;

--
-- Constraints for table `emp_of_retail_eva`
--
ALTER TABLE `emp_of_retail_eva`
  ADD CONSTRAINT `emp_of_retail_eva_ibfk_1` FOREIGN KEY (`employee_code`) REFERENCES `employee` (`employee_code`) ON UPDATE CASCADE,
  ADD CONSTRAINT `emp_of_retail_eva_ibfk_2` FOREIGN KEY (`branch_id`) REFERENCES `branches` (`branch_id`) ON UPDATE CASCADE;

--
-- Constraints for table `head_of_follow_eva`
--
ALTER TABLE `head_of_follow_eva`
  ADD CONSTRAINT `head_of_follow_eva_ibfk_1` FOREIGN KEY (`employee_code`) REFERENCES `employee` (`employee_code`) ON UPDATE CASCADE,
  ADD CONSTRAINT `head_of_follow_eva_ibfk_2` FOREIGN KEY (`branch_id`) REFERENCES `branches` (`branch_id`) ON UPDATE CASCADE;

--
-- Constraints for table `head_of_retail_eva`
--
ALTER TABLE `head_of_retail_eva`
  ADD CONSTRAINT `head_of_retail_eva_ibfk_1` FOREIGN KEY (`employee_code`) REFERENCES `employee` (`employee_code`) ON UPDATE CASCADE,
  ADD CONSTRAINT `head_of_retail_eva_ibfk_2` FOREIGN KEY (`branch_id`) REFERENCES `branches` (`branch_id`) ON UPDATE CASCADE;
COMMIT;

/*!40101 SET CHARACTER_SET_CLIENT=@OLD_CHARACTER_SET_CLIENT */;
/*!40101 SET CHARACTER_SET_RESULTS=@OLD_CHARACTER_SET_RESULTS */;
/*!40101 SET COLLATION_CONNECTION=@OLD_COLLATION_CONNECTION */;
